player,team_id,yr,prediction
"Acy,Quincy",NYK,2015,0
"Adams,Steven",OKC,2015,8
"Adams,Steven",OKC,2016,0
"Adrien,Jeff",TOT,2014,9
"Afflalo,Arron",DEN,2010,2
"Afflalo,Arron",DEN,2011,5
"Afflalo,Arron",DEN,2012,5
"Afflalo,Arron",ORL,2013,6
"Afflalo,Arron",ORL,2014,6
"Afflalo,Arron",TOT,2015,3
"Afflalo,Arron",DEN,2015,5
"Afflalo,Arron",NYK,2016,3
"Ajinca,Alexis",NOP,2014,9
"Aldrich,Cole",NYK,2015,0
"Aldridge,LaMarcus",POR,2010,7
"Aldridge,LaMarcus",POR,2011,7
"Aldridge,LaMarcus",POR,2012,7
"Aldridge,LaMarcus",POR,2013,7
"Aldridge,LaMarcus",POR,2014,7
"Aldridge,LaMarcus",POR,2015,7
"Aldridge,LaMarcus",SAS,2016,7
"Allen,Lavoy",PHI,2013,0
"Allen,Lavoy",TOT,2014,0
"Allen,Lavoy",PHI,2014,9
"Allen,Lavoy",IND,2015,0
"Allen,Lavoy",IND,2016,0
"Allen,Ray",BOS,2010,3
"Allen,Ray",BOS,2011,3
"Allen,Ray",MIA,2013,2
"Allen,Ray",MIA,2014,2
"Allen,Tony",BOS,2010,9
"Allen,Tony",MEM,2011,0
"Allen,Tony",MEM,2012,5
"Allen,Tony",MEM,2013,0
"Allen,Tony",MEM,2014,5
"Allen,Tony",MEM,2015,5
"Allen,Tony",MEM,2016,0
"Alston,Rafer",TOT,2010,2
"Aminu,Al-Farouq",LAC,2011,2
"Aminu,Al-Farouq",NOH,2012,0
"Aminu,Al-Farouq",NOH,2013,0
"Aminu,Al-Farouq",NOP,2014,0
"Aminu,Al-Farouq",DAL,2015,0
"Aminu,Al-Farouq",POR,2016,3
"Amundson,Lou",TOT,2015,0
"Andersen,Chris",DEN,2010,0
"Andersen,Chris",MIA,2014,9
"Andersen,Chris",MIA,2015,9
"Anderson,Alan",TOR,2013,2
"Anderson,Alan",BRK,2014,2
"Anderson,Alan",BRK,2015,2
"Anderson,James",PHI,2014,2
"Anderson,Kyle",SAS,2016,2
"Anderson,Ryan",ORL,2011,4
"Anderson,Ryan",ORL,2012,5
"Anderson,Ryan",NOH,2013,3
"Anderson,Ryan",NOP,2015,5
"Anderson,Ryan",NOP,2016,3
"Antetokounmpo,Giannis",MIL,2014,2
"Antetokounmpo,Giannis",MIL,2015,8
"Antetokounmpo,Giannis",MIL,2016,7
"Anthony,Carmelo",DEN,2010,1
"Anthony,Carmelo",TOT,2011,1
"Anthony,Carmelo",NYK,2012,1
"Anthony,Carmelo",NYK,2013,1
"Anthony,Carmelo",NYK,2014,1
"Anthony,Carmelo",NYK,2016,1
"Anthony,Joel",MIA,2010,0
"Anthony,Joel",MIA,2011,0
"Anthony,Joel",MIA,2012,9
"Antic,Pero",ATL,2015,2
"Arenas,Gilbert",TOT,2011,3
"Ariza,Trevor",HOU,2010,6
"Ariza,Trevor",NOH,2011,3
"Ariza,Trevor",WAS,2013,5
"Ariza,Trevor",WAS,2014,3
"Ariza,Trevor",HOU,2015,3
"Ariza,Trevor",HOU,2016,3
"Arroyo,Carlos",MIA,2010,2
"Arroyo,Carlos",TOT,2011,4
"Arthur,Darrell",MEM,2011,0
"Arthur,Darrell",MEM,2013,0
"Arthur,Darrell",DEN,2014,2
"Arthur,Darrell",DEN,2015,4
"Arthur,Darrell",DEN,2016,0
"Asik,Omer",HOU,2013,8
"Asik,Omer",NOP,2015,8
"Asik,Omer",NOP,2016,0
"Augustin,D.J.",CHA,2010,2
"Augustin,D.J.",CHA,2011,3
"Augustin,D.J.",IND,2013,2
"Augustin,D.J.",TOT,2014,3
"Augustin,D.J.",CHI,2014,5
"Augustin,D.J.",TOT,2015,2
"Augustin,D.J.",DET,2015,5
"Augustin,D.J.",TOT,2016,4
"Ayon,Gustavo",NOH,2012,9
"Barbosa,Leandro",TOR,2011,5
"Barbosa,Leandro",TOT,2012,3
"Barbosa,Leandro",GSW,2016,4
"Barea,J.J.",DAL,2010,2
"Barea,J.J.",DAL,2011,2
"Barea,J.J.",MIN,2013,3
"Barea,J.J.",MIN,2014,2
"Barea,J.J.",DAL,2015,2
"Barea,J.J.",DAL,2016,3
"Bargnani,Andrea",TOR,2010,6
"Bargnani,Andrea",TOR,2011,6
"Barnes,Harrison",GSW,2013,2
"Barnes,Harrison",GSW,2014,2
"Barnes,Harrison",GSW,2015,2
"Barnes,Harrison",GSW,2016,5
"Barnes,Matt",ORL,2010,0
"Barnes,Matt",LAL,2011,9
"Barnes,Matt",LAL,2012,0
"Barnes,Matt",LAC,2013,2
"Barnes,Matt",LAC,2014,4
"Barnes,Matt",LAC,2015,2
"Barnes,Matt",MEM,2016,3
"Barton,Will",TOT,2015,4
"Barton,Will",DEN,2016,3
"Bass,Brandon",ORL,2011,8
"Bass,Brandon",BOS,2012,8
"Bass,Brandon",BOS,2013,0
"Bass,Brandon",BOS,2014,8
"Bass,Brandon",BOS,2015,0
"Bass,Brandon",LAL,2016,9
"Battier,Shane",HOU,2010,2
"Battier,Shane",TOT,2011,2
"Battier,Shane",HOU,2011,4
"Battier,Shane",MIA,2012,2
"Battier,Shane",MIA,2013,2
"Battier,Shane",MIA,2014,2
"Batum,Nicolas",POR,2011,3
"Batum,Nicolas",POR,2012,5
"Batum,Nicolas",POR,2013,3
"Batum,Nicolas",POR,2014,3
"Batum,Nicolas",POR,2015,3
"Batum,Nicolas",CHO,2016,6
"Bayless,Jerryd",POR,2010,2
"Bayless,Jerryd",TOT,2011,2
"Bayless,Jerryd",TOR,2011,5
"Bayless,Jerryd",MEM,2013,2
"Bayless,Jerryd",TOT,2014,2
"Bayless,Jerryd",MIL,2015,2
"Bayless,Jerryd",MIL,2016,4
"Baynes,Aron",SAS,2015,0
"Baynes,Aron",DET,2016,0
"Bazemore,Kent",ATL,2015,2
"Bazemore,Kent",ATL,2016,3
"Beal,Bradley",WAS,2013,5
"Beal,Bradley",WAS,2014,6
"Beal,Bradley",WAS,2015,5
"Beal,Bradley",WAS,2016,5
"Beasley,Michael",MIA,2010,8
"Beasley,Michael",MIN,2011,6
"Beasley,Michael",PHO,2013,3
"Beasley,Michael",MIA,2014,9
"Beaubois,Rodrigue",DAL,2012,4
"Belinelli,Marco",TOR,2010,2
"Belinelli,Marco",NOH,2011,2
"Belinelli,Marco",NOH,2012,3
"Belinelli,Marco",CHI,2013,2
"Belinelli,Marco",SAS,2014,2
"Belinelli,Marco",SAS,2015,4
"Belinelli,Marco",SAC,2016,2
"Bell,Charlie",MIL,2010,2
"Bell,Raja",UTA,2011,2
"Bennett,Anthony",MIN,2015,0
"Beverley,Patrick",HOU,2014,5
"Beverley,Patrick",HOU,2015,5
"Beverley,Patrick",HOU,2016,3
"Bibby,Mike",ATL,2010,2
"Bibby,Mike",TOT,2011,2
"Bibby,Mike",ATL,2011,4
"Biedrins,Andris",GSW,2011,9
"Billups,Chauncey",DEN,2010,6
"Billups,Chauncey",TOT,2011,6
"Billups,Chauncey",DEN,2011,5
"Biyombo,Bismack",CHA,2012,0
"Biyombo,Bismack",CHA,2013,0
"Biyombo,Bismack",CHO,2015,9
"Biyombo,Bismack",TOR,2016,0
"Bjelica,Nemanja",MIN,2016,4
"Black,Tarik",TOT,2015,9
"Blair,DeJuan",SAS,2010,0
"Blair,DeJuan",SAS,2011,8
"Blair,DeJuan",SAS,2012,9
"Blair,DeJuan",DAL,2014,0
"Blake,Steve",TOT,2010,2
"Blake,Steve",POR,2010,4
"Blake,Steve",LAL,2011,2
"Blake,Steve",LAL,2012,4
"Blake,Steve",TOT,2014,4
"Blake,Steve",POR,2015,2
"Blake,Steve",DET,2016,4
"Blatche,Andray",WAS,2010,8
"Blatche,Andray",WAS,2011,7
"Blatche,Andray",BRK,2013,8
"Blatche,Andray",BRK,2014,8
"Bledsoe,Eric",LAC,2011,2
"Bledsoe,Eric",LAC,2013,3
"Bledsoe,Eric",PHO,2015,6
"Bogans,Keith",SAS,2010,2
"Bogans,Keith",CHI,2011,2
"Bogans,Keith",BRK,2013,4
"Bogdanovic,Bojan",BRK,2015,2
"Bogdanovic,Bojan",BRK,2016,2
"Bogut,Andrew",MIL,2010,7
"Bogut,Andrew",MIL,2011,7
"Bogut,Andrew",GSW,2014,9
"Bogut,Andrew",GSW,2015,9
"Bogut,Andrew",GSW,2016,9
"Bonner,Matt",SAS,2010,4
"Bonner,Matt",SAS,2011,4
"Bonner,Matt",SAS,2012,4
"Booker,Devin",PHO,2016,3
"Booker,Trevor",WAS,2011,9
"Booker,Trevor",WAS,2014,0
"Booker,Trevor",UTA,2015,0
"Booker,Trevor",UTA,2016,0
"Boone,Josh",NJN,2010,9
"Boozer,Carlos",UTA,2010,7
"Boozer,Carlos",CHI,2011,7
"Boozer,Carlos",CHI,2012,7
"Boozer,Carlos",CHI,2013,7
"Boozer,Carlos",CHI,2014,8
"Boozer,Carlos",LAL,2015,8
"Bosh,Chris",TOR,2010,7
"Bosh,Chris",MIA,2011,7
"Bosh,Chris",MIA,2012,7
"Bosh,Chris",MIA,2013,7
"Bosh,Chris",MIA,2014,8
"Bosh,Chris",MIA,2016,5
"Boykins,Earl",WAS,2010,2
"Boykins,Earl",MIL,2011,4
"Bradley,Avery",BOS,2012,4
"Bradley,Avery",BOS,2014,5
"Bradley,Avery",BOS,2015,3
"Bradley,Avery",BOS,2016,3
"Brand,Elton",PHI,2010,8
"Brand,Elton",PHI,2011,7
"Brand,Elton",PHI,2012,8
"Brand,Elton",DAL,2013,0
"Brand,Elton",ATL,2014,0
"Brewer,Corey",MIN,2010,3
"Brewer,Corey",TOT,2011,2
"Brewer,Corey",MIN,2011,3
"Brewer,Corey",DEN,2012,4
"Brewer,Corey",DEN,2013,3
"Brewer,Corey",MIN,2014,3
"Brewer,Corey",TOT,2015,3
"Brewer,Corey",HOU,2015,5
"Brewer,Corey",HOU,2016,2
"Brewer,Ronnie",TOT,2010,5
"Brewer,Ronnie",UTA,2010,5
"Brewer,Ronnie",CHI,2011,2
"Brewer,Ronnie",CHI,2012,2
"Brooks,Aaron",HOU,2010,6
"Brooks,Aaron",TOT,2011,3
"Brooks,Aaron",TOT,2013,4
"Brooks,Aaron",TOT,2014,2
"Brooks,Aaron",CHI,2015,3
"Brooks,Aaron",CHI,2016,2
"Brooks,MarShon",NJN,2012,5
"Brown,Derrick",CHA,2012,0
"Brown,Kwame",CHA,2011,0
"Brown,Markel",BRK,2016,2
"Brown,Shannon",LAL,2010,2
"Brown,Shannon",LAL,2011,2
"Brown,Shannon",PHO,2012,5
"Brown,Shannon",PHO,2013,5
"Bryant,Kobe",LAL,2010,1
"Bryant,Kobe",LAL,2011,1
"Bryant,Kobe",LAL,2012,1
"Bryant,Kobe",LAL,2013,1
"Bryant,Kobe",LAL,2016,6
"Budinger,Chase",HOU,2010,2
"Budinger,Chase",HOU,2011,2
"Budinger,Chase",HOU,2012,4
"Budinger,Chase",MIN,2015,2
"Burke,Trey",UTA,2014,3
"Burke,Trey",UTA,2015,3
"Burke,Trey",UTA,2016,2
"Burks,Alec",UTA,2012,4
"Burks,Alec",UTA,2013,2
"Burks,Alec",UTA,2014,3
"Butler,Caron",TOT,2010,6
"Butler,Caron",LAC,2012,3
"Butler,Caron",LAC,2013,2
"Butler,Caron",TOT,2014,4
"Butler,Caron",DET,2015,2
"Butler,Jimmy",CHI,2013,2
"Butler,Jimmy",CHI,2014,3
"Butler,Jimmy",CHI,2015,6
"Butler,Jimmy",CHI,2016,6
"Butler,Rasual",LAC,2010,3
"Butler,Rasual",WAS,2015,2
"Bynum,Andrew",LAL,2010,7
"Bynum,Andrew",LAL,2011,9
"Bynum,Andrew",LAL,2012,7
"Bynum,Will",DET,2010,3
"Bynum,Will",DET,2011,4
"Bynum,Will",DET,2013,5
"Bynum,Will",DET,2014,4
"Calathes,Nick",MEM,2014,2
"Calderon,Jose",TOR,2010,5
"Calderon,Jose",TOR,2011,3
"Calderon,Jose",TOR,2012,5
"Calderon,Jose",TOT,2013,3
"Calderon,Jose",DAL,2014,3
"Calderon,Jose",NYK,2016,2
"Caldwell-Pope,Kentavious",DET,2014,2
"Caldwell-Pope,Kentavious",DET,2015,3
"Caldwell-Pope,Kentavious",DET,2016,3
"Camby,Marcus",TOT,2010,8
"Camby,Marcus",LAC,2010,9
"Camby,Marcus",POR,2011,0
"Camby,Marcus",TOT,2012,0
"Canaan,Isaiah",PHI,2016,2
"Capela,Clint",HOU,2016,0
"Carroll,DeMarre",UTA,2013,4
"Carroll,DeMarre",ATL,2014,3
"Carroll,DeMarre",ATL,2015,5
"Carter,Anthony",DEN,2010,4
"Carter,Vince",ORL,2010,3
"Carter,Vince",TOT,2011,3
"Carter,Vince",PHO,2011,5
"Carter,Vince",DAL,2012,3
"Carter,Vince",DAL,2013,3
"Carter,Vince",DAL,2014,3
"Carter,Vince",MEM,2015,2
"Carter,Vince",MEM,2016,4
"Carter-Williams,Michael",PHI,2014,6
"Carter-Williams,Michael",TOT,2015,6
"Carter-Williams,Michael",MIL,2016,5
"Casspi,Omri",SAC,2010,3
"Casspi,Omri",SAC,2011,2
"Casspi,Omri",CLE,2012,2
"Casspi,Omri",HOU,2014,2
"Casspi,Omri",SAC,2015,4
"Casspi,Omri",SAC,2016,5
"Cauley-Stein,Willie",SAC,2016,9
"Chalmers,Mario",MIA,2010,2
"Chalmers,Mario",MIA,2011,2
"Chalmers,Mario",MIA,2012,5
"Chalmers,Mario",MIA,2013,2
"Chalmers,Mario",MIA,2014,3
"Chalmers,Mario",MIA,2015,3
"Chalmers,Mario",TOT,2016,3
"Chalmers,Mario",MEM,2016,5
"Chandler,Tyson",CHA,2010,9
"Chandler,Tyson",DAL,2011,9
"Chandler,Tyson",NYK,2012,9
"Chandler,Tyson",NYK,2013,9
"Chandler,Tyson",NYK,2014,9
"Chandler,Tyson",DAL,2015,8
"Chandler,Tyson",PHO,2016,9
"Chandler,Wilson",NYK,2010,5
"Chandler,Wilson",TOT,2011,3
"Chandler,Wilson",NYK,2011,5
"Chandler,Wilson",DEN,2014,5
"Chandler,Wilson",DEN,2015,3
"Childress,Josh",PHO,2011,9
"Clark,Earl",LAL,2013,0
"Clarkson,Jordan",LAL,2015,5
"Clarkson,Jordan",LAL,2016,3
"Cole,Norris",MIA,2012,2
"Cole,Norris",MIA,2013,2
"Cole,Norris",MIA,2014,2
"Cole,Norris",TOT,2015,2
"Collison,Darren",NOH,2010,3
"Collison,Darren",IND,2011,3
"Collison,Darren",IND,2012,5
"Collison,Darren",DAL,2013,3
"Collison,Darren",LAC,2014,3
"Collison,Darren",SAC,2016,3
"Collison,Nick",OKC,2010,0
"Collison,Nick",OKC,2011,0
"Collison,Nick",OKC,2012,9
"Collison,Nick",OKC,2013,0
"Collison,Nick",OKC,2014,0
"Collison,Nick",OKC,2015,0
"Conley,Mike",MEM,2010,3
"Conley,Mike",MEM,2011,3
"Conley,Mike",MEM,2012,5
"Conley,Mike",MEM,2013,6
"Conley,Mike",MEM,2014,6
"Conley,Mike",MEM,2015,6
"Conley,Mike",MEM,2016,5
"Cook,Daequan",OKC,2012,4
"Copeland,Chris",NYK,2013,4
"Cousins,DeMarcus",SAC,2011,7
"Cousins,DeMarcus",SAC,2012,7
"Cousins,DeMarcus",SAC,2013,7
"Cousins,DeMarcus",SAC,2014,7
"Cousins,DeMarcus",SAC,2015,7
"Cousins,DeMarcus",SAC,2016,1
"Covington,Robert",PHI,2015,3
"Covington,Robert",PHI,2016,3
"Crabbe,Allen",POR,2016,2
"Crawford,Jamal",ATL,2010,6
"Crawford,Jamal",ATL,2011,3
"Crawford,Jamal",POR,2012,3
"Crawford,Jamal",LAC,2013,3
"Crawford,Jamal",LAC,2014,6
"Crawford,Jamal",LAC,2015,3
"Crawford,Jamal",LAC,2016,3
"Crawford,Jordan",WAS,2012,3
"Crawford,Jordan",TOT,2013,3
"Crawford,Jordan",TOT,2014,3
"Crowder,Jae",DAL,2013,2
"Crowder,Jae",DAL,2014,2
"Crowder,Jae",TOT,2015,2
"Crowder,Jae",BOS,2015,4
"Crowder,Jae",BOS,2016,3
"Cunningham,Dante",TOT,2011,0
"Cunningham,Dante",POR,2011,0
"Cunningham,Dante",MEM,2012,0
"Cunningham,Dante",MIN,2013,0
"Cunningham,Dante",MIN,2014,0
"Cunningham,Dante",NOP,2015,0
"Cunningham,Dante",NOP,2016,2
"Curry,Stephen",GSW,2010,6
"Curry,Stephen",GSW,2011,6
"Curry,Stephen",GSW,2013,6
"Curry,Stephen",GSW,2014,6
"Curry,Stephen",GSW,2015,6
"Curry,Stephen",GSW,2016,1
"Dalembert,Samuel",PHI,2010,8
"Dalembert,Samuel",SAC,2011,8
"Dalembert,Samuel",HOU,2012,0
"Dalembert,Samuel",DAL,2014,0
"Dampier,Erick",DAL,2010,9
"Dampier,Erick",MIA,2011,9
"Daniels,Marquis",BOS,2010,9
"Daniels,Marquis",MIL,2013,2
"Davis,Anthony",NOH,2013,8
"Davis,Anthony",NOP,2014,7
"Davis,Anthony",NOP,2015,7
"Davis,Anthony",NOP,2016,7
"Davis,Baron",LAC,2010,6
"Davis,Baron",TOT,2011,5
"Davis,Ed",TOR,2011,9
"Davis,Ed",TOR,2012,0
"Davis,Ed",TOT,2013,0
"Davis,Ed",MEM,2014,9
"Davis,Ed",LAL,2015,8
"Davis,Ed",POR,2016,0
"Davis,Glen",BOS,2010,0
"Davis,Glen",BOS,2011,8
"Davis,Glen",ORL,2012,8
"Davis,Glen",TOT,2014,0
"Daye,Austin",DET,2011,2
"DeRozan,DeMar",TOR,2010,0
"DeRozan,DeMar",TOR,2011,6
"DeRozan,DeMar",TOR,2012,6
"DeRozan,DeMar",TOR,2013,6
"DeRozan,DeMar",TOR,2014,1
"DeRozan,DeMar",TOR,2015,6
"DeRozan,DeMar",TOR,2016,1
"Delfino,Carlos",MIL,2010,3
"Delfino,Carlos",MIL,2012,4
"Delfino,Carlos",HOU,2013,2
"Dellavedova,Matthew",CLE,2014,2
"Dellavedova,Matthew",CLE,2015,2
"Dellavedova,Matthew",CLE,2016,2
"Deng,Luol",CHI,2010,7
"Deng,Luol",CHI,2011,6
"Deng,Luol",CHI,2012,5
"Deng,Luol",CHI,2013,6
"Deng,Luol",TOT,2014,6
"Deng,Luol",MIA,2015,3
"Deng,Luol",MIA,2016,3
"Diaw,Boris",CHA,2010,3
"Diaw,Boris",CHA,2011,3
"Diaw,Boris",TOT,2012,4
"Diaw,Boris",SAS,2013,4
"Diaw,Boris",SAS,2014,0
"Diaw,Boris",SAS,2015,2
"Diaw,Boris",SAS,2016,4
"Dieng,Gorgui",MIN,2015,8
"Dieng,Gorgui",MIN,2016,8
"Dooling,Keyon",NJN,2010,4
"Dooling,Keyon",MIL,2011,2
"Douglas,Toney",NYK,2010,4
"Douglas,Toney",NYK,2011,3
"Douglas,Toney",TOT,2013,2
"Douglas,Toney",NOP,2016,4
"Douglas-Roberts,Chris",NJN,2010,3
"Dragic,Goran",PHO,2010,2
"Dragic,Goran",TOT,2011,2
"Dragic,Goran",HOU,2012,5
"Dragic,Goran",PHO,2013,6
"Dragic,Goran",PHO,2014,6
"Dragic,Goran",TOT,2015,6
"Dragic,Goran",PHO,2015,5
"Dragic,Goran",MIA,2016,3
"Drummond,Andre",DET,2013,9
"Drummond,Andre",DET,2014,7
"Drummond,Andre",DET,2015,7
"Drummond,Andre",DET,2016,7
"Dudley,Jared",PHO,2010,2
"Dudley,Jared",PHO,2011,2
"Dudley,Jared",PHO,2012,5
"Dudley,Jared",PHO,2013,3
"Dudley,Jared",LAC,2014,2
"Dudley,Jared",MIL,2015,4
"Dudley,Jared",WAS,2016,2
"Duhon,Chris",NYK,2010,2
"Duhon,Chris",ORL,2011,4
"Duhon,Chris",ORL,2012,4
"Duncan,Tim",SAS,2010,7
"Duncan,Tim",SAS,2011,8
"Duncan,Tim",SAS,2012,7
"Duncan,Tim",SAS,2013,7
"Duncan,Tim",SAS,2014,7
"Duncan,Tim",SAS,2015,7
"Duncan,Tim",SAS,2016,8
"Dunleavy,Mike",IND,2010,2
"Dunleavy,Mike",IND,2011,5
"Dunleavy,Mike",MIL,2012,5
"Dunleavy,Mike",MIL,2013,2
"Dunleavy,Mike",CHI,2014,3
"Dunleavy,Mike",CHI,2015,4
"Durant,Kevin",OKC,2010,1
"Durant,Kevin",OKC,2011,1
"Durant,Kevin",OKC,2012,1
"Durant,Kevin",OKC,2013,1
"Durant,Kevin",OKC,2014,1
"Durant,Kevin",OKC,2016,1
"Ellington,Wayne",MIN,2010,2
"Ellington,Wayne",MIN,2011,2
"Ellington,Wayne",MIN,2012,4
"Ellington,Wayne",TOT,2013,2
"Ellington,Wayne",LAL,2015,2
"Ellington,Wayne",BRK,2016,2
"Ellis,Monta",GSW,2010,1
"Ellis,Monta",GSW,2011,1
"Ellis,Monta",TOT,2012,6
"Ellis,Monta",MIL,2013,6
"Ellis,Monta",DAL,2014,6
"Ellis,Monta",DAL,2015,6
"Ellis,Monta",IND,2016,3
"Ennis,James",MIA,2015,4
"Evans,Jeremy",UTA,2014,0
"Evans,Maurice",ATL,2010,2
"Evans,Maurice",TOT,2011,2
"Evans,Reggie",BRK,2013,0
"Evans,Reggie",TOT,2014,9
"Evans,Tyreke",SAC,2010,1
"Evans,Tyreke",SAC,2011,6
"Evans,Tyreke",SAC,2012,6
"Evans,Tyreke",SAC,2013,5
"Evans,Tyreke",NOP,2014,6
"Evans,Tyreke",NOP,2015,6
"Exum,Dante",UTA,2015,2
"Faried,Kenneth",DEN,2013,8
"Faried,Kenneth",DEN,2014,8
"Faried,Kenneth",DEN,2015,8
"Faried,Kenneth",DEN,2016,8
"Farmar,Jordan",LAL,2010,2
"Farmar,Jordan",NJN,2011,3
"Favors,Derrick",TOT,2011,0
"Favors,Derrick",NJN,2011,9
"Favors,Derrick",UTA,2012,8
"Favors,Derrick",UTA,2013,8
"Favors,Derrick",UTA,2014,8
"Favors,Derrick",UTA,2015,7
"Favors,Derrick",UTA,2016,7
"Felton,Raymond",CHA,2010,3
"Felton,Raymond",TOT,2011,6
"Felton,Raymond",NYK,2011,6
"Felton,Raymond",POR,2012,5
"Felton,Raymond",NYK,2013,3
"Felton,Raymond",NYK,2014,3
"Felton,Raymond",DAL,2016,3
"Fernandez,Rudy",POR,2010,2
"Fernandez,Rudy",POR,2011,2
"Fields,Landry",NYK,2011,0
"Fields,Landry",NYK,2012,5
"Fields,Landry",TOR,2013,9
"Fisher,Derek",LAL,2010,2
"Fisher,Derek",LAL,2011,2
"Fisher,Derek",TOT,2012,2
"Fisher,Derek",OKC,2014,2
"Flynn,Jonny",MIN,2010,3
"Flynn,Jonny",MIN,2011,4
"Foster,Jeff",IND,2011,9
"Fournier,Evan",DEN,2014,2
"Fournier,Evan",ORL,2015,5
"Fournier,Evan",ORL,2016,3
"Foye,Randy",WAS,2010,2
"Foye,Randy",LAC,2011,2
"Foye,Randy",LAC,2012,2
"Foye,Randy",UTA,2013,2
"Foye,Randy",DEN,2014,3
"Foye,Randy",TOT,2016,2
"Foye,Randy",DEN,2016,4
"Fredette,Jimmer",SAC,2012,2
"Frye,Channing",PHO,2010,2
"Frye,Channing",PHO,2011,3
"Frye,Channing",PHO,2012,0
"Frye,Channing",PHO,2014,3
"Frye,Channing",ORL,2015,2
"Frye,Channing",TOT,2016,4
"Gallinari,Danilo",NYK,2010,3
"Gallinari,Danilo",TOT,2011,5
"Gallinari,Danilo",DEN,2013,3
"Gallinari,Danilo",DEN,2015,5
"Gallinari,Danilo",DEN,2016,5
"Galloway,Langston",NYK,2016,2
"Garcia,Francisco",SAC,2011,4
"Garcia,Francisco",TOT,2013,4
"Garcia,Francisco",HOU,2014,4
"Garnett,Kevin",BOS,2010,8
"Garnett,Kevin",BOS,2011,7
"Garnett,Kevin",BOS,2012,7
"Garnett,Kevin",BOS,2013,7
"Garnett,Kevin",BRK,2014,9
"Gasol,Marc",MEM,2010,7
"Gasol,Marc",MEM,2011,8
"Gasol,Marc",MEM,2012,7
"Gasol,Marc",MEM,2013,8
"Gasol,Marc",MEM,2014,7
"Gasol,Marc",MEM,2015,7
"Gasol,Marc",MEM,2016,7
"Gasol,Pau",LAL,2010,7
"Gasol,Pau",LAL,2011,7
"Gasol,Pau",LAL,2012,7
"Gasol,Pau",LAL,2014,7
"Gasol,Pau",CHI,2015,7
"Gasol,Pau",CHI,2016,7
"Gay,Rudy",MEM,2010,6
"Gay,Rudy",MEM,2011,1
"Gay,Rudy",MEM,2012,6
"Gay,Rudy",TOT,2013,6
"Gay,Rudy",TOT,2014,6
"Gay,Rudy",SAC,2014,1
"Gay,Rudy",SAC,2015,6
"Gay,Rudy",SAC,2016,6
"Gee,Alonzo",TOT,2011,4
"Gee,Alonzo",CLE,2012,3
"Gee,Alonzo",CLE,2013,3
"Gee,Alonzo",CLE,2014,2
"Gee,Alonzo",NOP,2016,4
"George,Paul",IND,2011,4
"George,Paul",IND,2012,3
"George,Paul",IND,2013,6
"George,Paul",IND,2014,6
"George,Paul",IND,2016,1
"Gibson,Daniel",CLE,2010,4
"Gibson,Daniel",CLE,2011,3
"Gibson,Taj",CHI,2010,8
"Gibson,Taj",CHI,2011,0
"Gibson,Taj",CHI,2012,0
"Gibson,Taj",CHI,2013,0
"Gibson,Taj",CHI,2014,8
"Gibson,Taj",CHI,2015,8
"Gibson,Taj",CHI,2016,8
"Ginobili,Manu",SAS,2010,6
"Ginobili,Manu",SAS,2011,6
"Ginobili,Manu",SAS,2013,5
"Ginobili,Manu",SAS,2014,5
"Ginobili,Manu",SAS,2015,3
"Ginobili,Manu",SAS,2016,4
"Gobert,Rudy",UTA,2015,8
"Gobert,Rudy",UTA,2016,8
"Gomes,Ryan",MIN,2010,3
"Gomes,Ryan",LAC,2011,2
"Gooden,Drew",TOT,2010,8
"Gooden,Drew",MIL,2012,8
"Gooden,Drew",WAS,2015,4
"Goodwin,Archie",PHO,2016,4
"Gordon,Aaron",ORL,2016,0
"Gordon,Ben",DET,2010,5
"Gordon,Ben",DET,2011,3
"Gordon,Ben",DET,2012,5
"Gordon,Ben",CHA,2013,3
"Gordon,Eric",LAC,2010,5
"Gordon,Eric",LAC,2011,6
"Gordon,Eric",NOP,2014,5
"Gordon,Eric",NOP,2015,3
"Gortat,Marcin",TOT,2011,8
"Gortat,Marcin",PHO,2011,9
"Gortat,Marcin",PHO,2012,7
"Gortat,Marcin",PHO,2013,8
"Gortat,Marcin",WAS,2014,8
"Gortat,Marcin",WAS,2015,8
"Gortat,Marcin",WAS,2016,8
"Graham,Stephen",NJN,2011,4
"Granger,Danny",IND,2010,1
"Granger,Danny",IND,2011,6
"Granger,Danny",IND,2012,6
"Grant,Jerami",PHI,2015,2
"Grant,Jerami",PHI,2016,0
"Grant,Jerian",NYK,2016,2
"Green,Danny",SAS,2012,4
"Green,Danny",SAS,2013,2
"Green,Danny",SAS,2014,4
"Green,Danny",SAS,2015,3
"Green,Danny",SAS,2016,2
"Green,Draymond",GSW,2014,2
"Green,Draymond",GSW,2015,3
"Green,Draymond",GSW,2016,6
"Green,Gerald",IND,2013,2
"Green,Gerald",PHO,2014,3
"Green,Gerald",PHO,2015,3
"Green,Gerald",MIA,2016,2
"Green,JaMychal",MEM,2016,0
"Green,Jeff",OKC,2010,3
"Green,Jeff",TOT,2011,3
"Green,Jeff",BOS,2013,3
"Green,Jeff",BOS,2014,6
"Green,Jeff",TOT,2015,3
"Green,Jeff",TOT,2016,3
"Green,Jeff",MEM,2016,5
"Green,Willie",PHI,2010,2
"Green,Willie",NOH,2011,2
"Green,Willie",ATL,2012,4
"Green,Willie",LAC,2013,4
"Green,Willie",LAC,2014,4
"Green,Willie",ORL,2015,4
"Greene,Donte",SAC,2010,2
"Greene,Donte",SAC,2011,2
"Griffin,Blake",LAC,2011,7
"Griffin,Blake",LAC,2012,7
"Griffin,Blake",LAC,2013,7
"Griffin,Blake",LAC,2014,1
"Griffin,Blake",LAC,2015,1
"Hairston,P.J.",TOT,2016,2
"Hamilton,Jordan",TOT,2014,4
"Hamilton,Richard",DET,2011,5
"Hansbrough,Tyler",IND,2011,8
"Hansbrough,Tyler",IND,2012,0
"Hansbrough,Tyler",IND,2013,0
"Hansbrough,Tyler",TOR,2014,0
"Hardaway,Tim",NYK,2014,2
"Hardaway,Tim",NYK,2015,2
"Hardaway,Tim",ATL,2016,4
"Harden,James",OKC,2010,2
"Harden,James",OKC,2011,3
"Harden,James",OKC,2012,5
"Harden,James",HOU,2013,1
"Harden,James",HOU,2014,1
"Harden,James",HOU,2015,1
"Harden,James",HOU,2016,1
"Harkless,Maurice",ORL,2013,0
"Harkless,Maurice",ORL,2014,2
"Harkless,Maurice",POR,2016,0
"Harrington,Al",NYK,2010,6
"Harrington,Al",DEN,2011,2
"Harrington,Al",DEN,2012,5
"Harris,Devin",NJN,2010,6
"Harris,Devin",TOT,2011,6
"Harris,Devin",NJN,2011,5
"Harris,Devin",UTA,2012,5
"Harris,Devin",ATL,2013,4
"Harris,Devin",DAL,2015,2
"Harris,Devin",DAL,2016,4
"Harris,Gary",DEN,2016,3
"Harris,Manny",CLE,2011,4
"Harris,Tobias",TOT,2013,5
"Harris,Tobias",ORL,2014,8
"Harris,Tobias",ORL,2015,6
"Harris,Tobias",TOT,2016,3
"Haslem,Udonis",MIA,2010,8
"Haslem,Udonis",MIA,2012,0
"Haslem,Udonis",MIA,2013,0
"Haslem,Udonis",MIA,2015,0
"Hassell,Trenton",NJN,2010,0
"Hawes,Spencer",SAC,2010,8
"Hawes,Spencer",PHI,2011,0
"Hawes,Spencer",PHI,2013,8
"Hawes,Spencer",TOT,2014,3
"Hawes,Spencer",PHI,2014,5
"Hawes,Spencer",LAC,2015,2
"Hawes,Spencer",CHO,2016,4
"Hayes,Chuck",HOU,2010,0
"Hayes,Chuck",HOU,2011,8
"Hayes,Chuck",SAC,2012,0
"Hayes,Chuck",SAC,2013,0
"Hayward,Gordon",UTA,2011,4
"Hayward,Gordon",UTA,2012,5
"Hayward,Gordon",UTA,2013,3
"Hayward,Gordon",UTA,2014,6
"Hayward,Gordon",UTA,2015,6
"Hayward,Gordon",UTA,2016,6
"Haywood,Brendan",TOT,2010,8
"Haywood,Brendan",DAL,2011,0
"Haywood,Brendan",DAL,2012,9
"Haywood,Brendan",CHA,2013,0
"Henderson,Gerald",CHA,2011,0
"Henderson,Gerald",CHA,2012,5
"Henderson,Gerald",CHA,2013,6
"Henderson,Gerald",CHA,2014,3
"Henderson,Gerald",CHO,2015,3
"Henderson,Gerald",POR,2016,2
"Henson,John",MIL,2014,8
"Henson,John",MIL,2015,9
"Henson,John",MIL,2016,9
"Hezonja,Mario",ORL,2016,2
"Hibbert,Roy",IND,2010,8
"Hibbert,Roy",IND,2011,8
"Hibbert,Roy",IND,2012,8
"Hibbert,Roy",IND,2013,8
"Hibbert,Roy",IND,2014,8
"Hibbert,Roy",IND,2015,8
"Hibbert,Roy",LAL,2016,0
"Hickson,J.J.",CLE,2010,0
"Hickson,J.J.",CLE,2011,8
"Hickson,J.J.",TOT,2012,9
"Hickson,J.J.",POR,2013,8
"Hickson,J.J.",DEN,2014,8
"Hickson,J.J.",DEN,2015,0
"Hilario,Nene",DEN,2010,8
"Hilario,Nene",DEN,2011,8
"Hilario,Nene",WAS,2013,8
"Hilario,Nene",WAS,2014,5
"Hilario,Nene",WAS,2015,8
"Hilario,Nene",WAS,2016,9
"Hill,George",SAS,2010,3
"Hill,George",SAS,2011,3
"Hill,George",IND,2013,3
"Hill,George",IND,2014,3
"Hill,George",IND,2016,3
"Hill,Grant",PHO,2010,3
"Hill,Grant",PHO,2011,3
"Hill,Jordan",HOU,2011,0
"Hill,Jordan",LAL,2014,8
"Hill,Jordan",LAL,2015,8
"Hill,Jordan",IND,2016,0
"Hill,Solomon",IND,2015,2
"Hinrich,Kirk",CHI,2010,3
"Hinrich,Kirk",TOT,2011,3
"Hinrich,Kirk",CHI,2013,2
"Hinrich,Kirk",CHI,2014,3
"Hinrich,Kirk",CHI,2015,2
"Holiday,Jrue",PHI,2010,2
"Holiday,Jrue",PHI,2011,6
"Holiday,Jrue",PHI,2012,3
"Holiday,Jrue",PHI,2013,6
"Holiday,Jrue",NOP,2016,6
"Hollins,Ryan",MIN,2010,0
"Hollins,Ryan",CLE,2011,9
"Hood,Rodney",UTA,2016,3
"Horford,Al",ATL,2010,8
"Horford,Al",ATL,2011,7
"Horford,Al",ATL,2013,7
"Horford,Al",ATL,2015,8
"Horford,Al",ATL,2016,8
"House,Eddie",TOT,2010,2
"House,Eddie",MIA,2011,4
"Howard,Dwight",ORL,2010,7
"Howard,Dwight",ORL,2011,7
"Howard,Dwight",ORL,2012,7
"Howard,Dwight",LAL,2013,7
"Howard,Dwight",HOU,2014,7
"Howard,Dwight",HOU,2016,7
"Howard,Juwan",POR,2010,0
"Huertas,Marcelo",LAL,2016,4
"Humphries,Kris",TOT,2010,0
"Humphries,Kris",NJN,2011,8
"Humphries,Kris",NJN,2012,7
"Humphries,Kris",BRK,2013,0
"Humphries,Kris",BOS,2014,0
"Humphries,Kris",WAS,2015,0
"Humphries,Kris",TOT,2016,4
"Ibaka,Serge",OKC,2010,0
"Ibaka,Serge",OKC,2011,8
"Ibaka,Serge",OKC,2012,8
"Ibaka,Serge",OKC,2013,8
"Ibaka,Serge",OKC,2014,7
"Ibaka,Serge",OKC,2015,8
"Ibaka,Serge",OKC,2016,8
"Iguodala,Andre",PHI,2010,6
"Iguodala,Andre",PHI,2011,6
"Iguodala,Andre",PHI,2012,5
"Iguodala,Andre",DEN,2013,3
"Iguodala,Andre",GSW,2014,5
"Iguodala,Andre",GSW,2015,2
"Iguodala,Andre",GSW,2016,4
"Ilgauskas,Zydrunas",CLE,2010,0
"Ilgauskas,Zydrunas",MIA,2011,0
"Ilyasova,Ersan",MIL,2010,0
"Ilyasova,Ersan",MIL,2011,0
"Ilyasova,Ersan",MIL,2012,8
"Ilyasova,Ersan",MIL,2013,8
"Ilyasova,Ersan",MIL,2014,5
"Ilyasova,Ersan",MIL,2015,5
"Ilyasova,Ersan",TOT,2016,2
"Ilyasova,Ersan",DET,2016,5
"Ingles,Joe",UTA,2015,2
"Ingles,Joe",UTA,2016,2
"Irving,Kyrie",CLE,2012,5
"Irving,Kyrie",CLE,2013,1
"Irving,Kyrie",CLE,2014,6
"Irving,Kyrie",CLE,2015,6
"Irving,Kyrie",CLE,2016,5
"Jack,Jarrett",TOR,2010,3
"Jack,Jarrett",TOT,2011,2
"Jack,Jarrett",NOH,2011,2
"Jack,Jarrett",GSW,2013,3
"Jack,Jarrett",CLE,2014,3
"Jack,Jarrett",BRK,2015,3
"Jackson,Reggie",OKC,2014,3
"Jackson,Reggie",TOT,2015,6
"Jackson,Reggie",DET,2016,6
"Jackson,Stephen",TOT,2010,6
"Jackson,Stephen",CHA,2010,6
"Jackson,Stephen",CHA,2011,6
"Jackson,Stephen",SAS,2013,4
"James,LeBron",CLE,2010,1
"James,LeBron",MIA,2011,1
"James,LeBron",MIA,2012,1
"James,LeBron",MIA,2013,1
"James,LeBron",MIA,2014,1
"James,LeBron",CLE,2015,1
"James,LeBron",CLE,2016,1
"Jamison,Antawn",TOT,2010,7
"Jamison,Antawn",CLE,2011,5
"Jamison,Antawn",CLE,2012,6
"Jamison,Antawn",LAL,2013,2
"Jefferson,Al",MIN,2010,7
"Jefferson,Al",UTA,2011,7
"Jefferson,Al",UTA,2012,7
"Jefferson,Al",UTA,2013,7
"Jefferson,Al",CHA,2014,7
"Jefferson,Al",CHO,2015,7
"Jefferson,Richard",SAS,2010,3
"Jefferson,Richard",SAS,2011,2
"Jefferson,Richard",TOT,2012,4
"Jefferson,Richard",UTA,2014,2
"Jefferson,Richard",DAL,2015,2
"Jefferson,Richard",CLE,2016,4
"Jeffries,Jared",TOT,2010,0
"Jeffries,Jared",NYK,2010,9
"Jenkins,Charles",GSW,2012,4
"Jennings,Brandon",MIL,2010,6
"Jennings,Brandon",MIL,2011,6
"Jennings,Brandon",MIL,2012,6
"Jennings,Brandon",MIL,2013,6
"Jennings,Brandon",DET,2014,6
"Jerebko,Jonas",DET,2010,0
"Jerebko,Jonas",DET,2012,0
"Jerebko,Jonas",TOT,2015,2
"Jerebko,Jonas",BOS,2016,2
"Jianlian,Yi",NJN,2010,8
"Jianlian,Yi",WAS,2011,0
"Johnson,Amir",TOR,2010,0
"Johnson,Amir",TOR,2011,8
"Johnson,Amir",TOR,2012,9
"Johnson,Amir",TOR,2013,8
"Johnson,Amir",TOR,2014,8
"Johnson,Amir",TOR,2015,0
"Johnson,Amir",BOS,2016,0
"Johnson,Ivan",ATL,2012,9
"Johnson,James",TOR,2012,0
"Johnson,James",SAC,2013,0
"Johnson,James",MEM,2014,9
"Johnson,James",TOR,2015,9
"Johnson,James",TOR,2016,4
"Johnson,Joe",ATL,2010,6
"Johnson,Joe",ATL,2011,6
"Johnson,Joe",ATL,2012,5
"Johnson,Joe",BRK,2013,3
"Johnson,Joe",BRK,2014,3
"Johnson,Joe",BRK,2015,3
"Johnson,Joe",TOT,2016,3
"Johnson,Joe",BRK,2016,5
"Johnson,Stanley",DET,2016,2
"Johnson,Wesley",MIN,2011,2
"Johnson,Wesley",MIN,2012,2
"Johnson,Wesley",LAL,2014,2
"Johnson,Wesley",LAL,2015,2
"Johnson,Wesley",LAC,2016,2
"Jokic,Nikola",DEN,2016,8
"Jones,Dahntay",IND,2010,3
"Jones,Dahntay",IND,2012,2
"Jones,James",MIA,2011,2
"Jones,Terrence",HOU,2014,8
"Jordan,DeAndre",LAC,2010,9
"Jordan,DeAndre",LAC,2011,9
"Jordan,DeAndre",LAC,2012,9
"Jordan,DeAndre",LAC,2013,8
"Jordan,DeAndre",LAC,2014,8
"Jordan,DeAndre",LAC,2015,7
"Jordan,DeAndre",LAC,2016,7
"Joseph,Cory",SAS,2015,2
"Joseph,Cory",TOR,2016,2
"Kaman,Chris",LAC,2010,7
"Kaman,Chris",DAL,2013,8
"Kaman,Chris",POR,2015,0
"Kaminsky,Frank",CHO,2016,2
"Kanter,Enes",UTA,2013,0
"Kanter,Enes",UTA,2014,8
"Kanter,Enes",TOT,2015,7
"Kanter,Enes",OKC,2016,8
"Kapono,Jason",PHI,2010,4
"Kelly,Ryan",LAL,2014,4
"Kelly,Ryan",LAL,2015,2
"Kidd,Jason",DAL,2010,3
"Kidd,Jason",DAL,2011,3
"Kidd,Jason",NYK,2013,2
"Kidd-Gilchrist,Michael",CHA,2013,8
"Kidd-Gilchrist,Michael",CHA,2014,0
"Kidd-Gilchrist,Michael",CHO,2015,8
"Kirilenko,Andrei",UTA,2010,5
"Kirilenko,Andrei",UTA,2011,5
"Kirilenko,Andrei",MIN,2013,5
"Knight,Brandon",DET,2012,3
"Knight,Brandon",DET,2013,3
"Knight,Brandon",MIL,2014,6
"Knight,Brandon",TOT,2015,6
"Knight,Brandon",MIL,2015,5
"Knight,Brandon",PHO,2016,6
"Korver,Kyle",UTA,2010,4
"Korver,Kyle",CHI,2011,2
"Korver,Kyle",CHI,2012,4
"Korver,Kyle",ATL,2013,2
"Korver,Kyle",ATL,2014,5
"Korver,Kyle",ATL,2015,4
"Korver,Kyle",ATL,2016,2
"Koufos,Kosta",DEN,2013,0
"Koufos,Kosta",MEM,2014,0
"Koufos,Kosta",MEM,2015,0
"Koufos,Kosta",SAC,2016,0
"Krstic,Nenad",OKC,2010,0
"Krstic,Nenad",TOT,2011,0
"LaVine,Zach",MIN,2015,3
"LaVine,Zach",MIN,2016,3
"Lamb,Jeremy",OKC,2014,2
"Lamb,Jeremy",CHO,2016,4
"Landry,Carl",TOT,2010,7
"Landry,Carl",HOU,2010,9
"Landry,Carl",TOT,2011,8
"Landry,Carl",SAC,2011,9
"Landry,Carl",GSW,2013,8
"Landry,Carl",SAC,2015,0
"Larkin,Shane",NYK,2015,2
"Larkin,Shane",BRK,2016,2
"Lauvergne,Joffrey",DEN,2016,9
"Lawson,Ty",DEN,2010,4
"Lawson,Ty",DEN,2011,3
"Lawson,Ty",DEN,2012,5
"Lawson,Ty",DEN,2013,6
"Lawson,Ty",DEN,2014,6
"Lawson,Ty",DEN,2015,6
"Lawson,Ty",TOT,2016,2
"Lawson,Ty",HOU,2016,4
"Lee,Courtney",NJN,2010,3
"Lee,Courtney",HOU,2011,2
"Lee,Courtney",HOU,2012,5
"Lee,Courtney",BOS,2013,2
"Lee,Courtney",TOT,2014,2
"Lee,Courtney",MEM,2015,2
"Lee,Courtney",TOT,2016,2
"Lee,Courtney",MEM,2016,4
"Lee,David",NYK,2010,7
"Lee,David",GSW,2011,7
"Lee,David",GSW,2012,7
"Lee,David",GSW,2013,7
"Lee,David",GSW,2014,7
"Lee,David",TOT,2016,9
"Len,Alex",PHO,2015,0
"Len,Alex",PHO,2016,8
"Leonard,Kawhi",SAS,2012,4
"Leonard,Kawhi",SAS,2013,5
"Leonard,Kawhi",SAS,2014,5
"Leonard,Kawhi",SAS,2015,6
"Leonard,Kawhi",SAS,2016,6
"Leonard,Meyers",POR,2013,0
"Leonard,Meyers",POR,2015,9
"Leonard,Meyers",POR,2016,4
"Leuer,Jon",PHO,2016,0
"Lewis,Rashard",ORL,2010,3
"Lewis,Rashard",TOT,2011,5
"Lewis,Rashard",MIA,2014,4
"Lillard,Damian",POR,2013,6
"Lillard,Damian",POR,2014,6
"Lillard,Damian",POR,2015,6
"Lillard,Damian",POR,2016,6
"Lin,Jeremy",HOU,2013,3
"Lin,Jeremy",HOU,2014,3
"Lin,Jeremy",LAL,2015,3
"Lin,Jeremy",CHO,2016,3
"Livingston,Shaun",CHA,2011,2
"Livingston,Shaun",MIL,2012,4
"Livingston,Shaun",TOT,2013,0
"Livingston,Shaun",BRK,2014,2
"Livingston,Shaun",GSW,2015,2
"Livingston,Shaun",GSW,2016,2
"Lopez,Brook",NJN,2010,7
"Lopez,Brook",NJN,2011,7
"Lopez,Brook",BRK,2013,7
"Lopez,Brook",BRK,2015,7
"Lopez,Brook",BRK,2016,7
"Lopez,Robin",PHO,2010,9
"Lopez,Robin",NOH,2013,8
"Lopez,Robin",POR,2014,8
"Lopez,Robin",POR,2015,9
"Lopez,Robin",NYK,2016,8
"Love,Kevin",MIN,2010,7
"Love,Kevin",MIN,2011,7
"Love,Kevin",MIN,2012,1
"Love,Kevin",MIN,2014,1
"Love,Kevin",CLE,2015,6
"Love,Kevin",CLE,2016,6
"Lowry,Kyle",HOU,2010,3
"Lowry,Kyle",HOU,2011,3
"Lowry,Kyle",TOR,2013,3
"Lowry,Kyle",TOR,2014,6
"Lowry,Kyle",TOR,2015,6
"Lowry,Kyle",TOR,2016,6
"Lyles,Trey",UTA,2016,2
"Mack,Shelvin",ATL,2014,2
"Mack,Shelvin",ATL,2015,4
"Mack,Shelvin",TOT,2016,4
"Maggette,Corey",GSW,2010,7
"Maggette,Corey",MIL,2011,3
"Mahinmi,Ian",DAL,2012,9
"Mahinmi,Ian",IND,2013,0
"Mahinmi,Ian",IND,2014,0
"Mahinmi,Ian",IND,2015,9
"Mahinmi,Ian",IND,2016,8
"Marion,Shawn",DAL,2010,8
"Marion,Shawn",DAL,2011,8
"Marion,Shawn",DAL,2012,8
"Marion,Shawn",DAL,2013,8
"Marion,Shawn",DAL,2014,8
"Marion,Shawn",CLE,2015,4
"Marshall,Kendall",LAL,2014,5
"Martin,Cartier",ATL,2014,4
"Martin,Kenyon",DEN,2010,8
"Martin,Kevin",HOU,2011,6
"Martin,Kevin",OKC,2013,3
"Martin,Kevin",MIN,2014,6
"Martin,Kevin",TOT,2016,4
"Mason,Roger",SAS,2010,2
"Mason,Roger",NOH,2013,2
"Matthews,Wesley",UTA,2010,2
"Matthews,Wesley",POR,2011,3
"Matthews,Wesley",POR,2012,3
"Matthews,Wesley",POR,2013,3
"Matthews,Wesley",POR,2014,3
"Matthews,Wesley",POR,2015,5
"Matthews,Wesley",DAL,2016,3
"Maxiell,Jason",DET,2010,0
"Maxiell,Jason",DET,2011,9
"Maxiell,Jason",DET,2012,0
"Maxiell,Jason",DET,2013,0
"Maynor,Eric",TOT,2010,2
"Maynor,Eric",OKC,2010,4
"Maynor,Eric",TOT,2013,2
"Mayo,O.J.",MEM,2010,6
"Mayo,O.J.",MEM,2011,3
"Mayo,O.J.",MEM,2012,3
"Mayo,O.J.",DAL,2013,3
"Mayo,O.J.",MIL,2014,5
"Mayo,O.J.",MIL,2015,3
"Mbah a Moute,Luc",MIL,2010,0
"Mbah a Moute,Luc",MIL,2011,0
"Mbah a Moute,Luc",MIL,2013,0
"Mbah a Moute,Luc",TOT,2014,4
"Mbah a Moute,Luc",PHI,2015,3
"Mbah a Moute,Luc",LAC,2016,2
"McCallum,Ray",SAC,2015,2
"McCollum,C.J.",POR,2015,4
"McCollum,C.J.",POR,2016,6
"McConnell,T.J.",PHI,2016,2
"McDaniels,K.J.",TOT,2015,2
"McDaniels,K.J.",PHI,2015,5
"McDermott,Doug",CHI,2016,2
"McDyess,Antonio",SAS,2010,0
"McDyess,Antonio",SAS,2011,0
"McGee,JaVale",WAS,2010,9
"McGee,JaVale",WAS,2011,8
"McGee,JaVale",TOT,2012,8
"McGee,JaVale",DEN,2013,0
"McGrady,Tracy",DET,2011,2
"McGrady,Tracy",ATL,2012,4
"McGuire,Dominic",GSW,2012,0
"McLemore,Ben",SAC,2014,2
"McLemore,Ben",SAC,2015,3
"McLemore,Ben",SAC,2016,2
"McRoberts,Josh",IND,2011,0
"McRoberts,Josh",TOT,2013,0
"McRoberts,Josh",CHA,2014,2
"Meeks,Jodie",PHI,2011,2
"Meeks,Jodie",PHI,2012,4
"Meeks,Jodie",LAL,2013,2
"Meeks,Jodie",LAL,2014,3
"Meeks,Jodie",DET,2015,4
"Middleton,Khris",MIL,2014,3
"Middleton,Khris",MIL,2015,3
"Middleton,Khris",MIL,2016,6
"Miles,C.J.",UTA,2010,4
"Miles,C.J.",UTA,2011,3
"Miles,C.J.",UTA,2012,4
"Miles,C.J.",CLE,2013,2
"Miles,C.J.",CLE,2014,4
"Miles,C.J.",IND,2015,3
"Miles,C.J.",IND,2016,4
"Milicic,Darko",MIN,2011,8
"Miller,Andre",POR,2010,3
"Miller,Andre",POR,2011,3
"Miller,Andre",DEN,2012,3
"Miller,Andre",DEN,2013,3
"Miller,Andre",TOT,2014,4
"Miller,Andre",TOT,2015,2
"Miller,Brad",CHI,2010,2
"Miller,Brad",HOU,2011,4
"Miller,Mike",WAS,2010,5
"Miller,Mike",MIA,2013,4
"Miller,Mike",MEM,2014,2
"Miller,Quincy",DEN,2014,4
"Mills,Patrick",SAS,2014,2
"Mills,Patrick",SAS,2015,4
"Mills,Patrick",SAS,2016,2
"Millsap,Paul",UTA,2010,8
"Millsap,Paul",UTA,2011,7
"Millsap,Paul",UTA,2012,7
"Millsap,Paul",UTA,2013,8
"Millsap,Paul",ATL,2014,7
"Millsap,Paul",ATL,2015,6
"Millsap,Paul",ATL,2016,7
"Mirotic,Nikola",CHI,2015,2
"Mirotic,Nikola",CHI,2016,3
"Mohammed,Nazr",CHA,2010,9
"Mohammed,Nazr",TOT,2011,0
"Mohammed,Nazr",CHA,2011,9
"Monroe,Greg",DET,2011,8
"Monroe,Greg",DET,2012,7
"Monroe,Greg",DET,2013,7
"Monroe,Greg",DET,2014,7
"Monroe,Greg",DET,2015,7
"Monroe,Greg",MIL,2016,7
"Moon,Jamario",CLE,2010,4
"Moon,Jamario",TOT,2011,4
"Moore,E'Twaun",ORL,2013,2
"Moore,E'Twaun",ORL,2014,2
"Moore,E'Twaun",CHI,2016,4
"Morris,Marcus",TOT,2013,2
"Morris,Marcus",HOU,2013,4
"Morris,Marcus",PHO,2014,2
"Morris,Marcus",PHO,2015,2
"Morris,Marcus",DET,2016,3
"Morris,Markieff",PHO,2012,0
"Morris,Markieff",PHO,2013,2
"Morris,Markieff",PHO,2014,8
"Morris,Markieff",PHO,2015,6
"Morris,Markieff",TOT,2016,3
"Morrow,Anthony",GSW,2010,5
"Morrow,Anthony",NJN,2011,5
"Morrow,Anthony",NJN,2012,3
"Morrow,Anthony",NOP,2014,2
"Morrow,Anthony",OKC,2015,2
"Motiejunas,Donatas",HOU,2014,4
"Motiejunas,Donatas",HOU,2015,8
"Mozgov,Timofey",DEN,2014,8
"Mozgov,Timofey",TOT,2015,8
"Mozgov,Timofey",CLE,2016,0
"Mudiay,Emmanuel",DEN,2016,3
"Muhammad,Shabazz",MIN,2016,2
"Mullens,Byron",CHA,2012,0
"Mullens,Byron",CHA,2013,5
"Murphy,Troy",IND,2010,8
"Murphy,Troy",LAL,2012,4
"Murray,Ronald",TOT,2010,2
"Nance Jr.,Larry",LAL,2016,9
"Napier,Shabazz",MIA,2015,4
"Nash,Steve",PHO,2010,6
"Nash,Steve",PHO,2011,6
"Nash,Steve",PHO,2012,5
"Neal,Gary",SAS,2011,2
"Neal,Gary",SAS,2012,4
"Neal,Gary",SAS,2013,2
"Neal,Gary",TOT,2014,4
"Neal,Gary",TOT,2015,4
"Nelson,Jameer",ORL,2010,5
"Nelson,Jameer",ORL,2011,3
"Nelson,Jameer",ORL,2012,5
"Nelson,Jameer",ORL,2013,5
"Nelson,Jameer",ORL,2014,3
"Nelson,Jameer",TOT,2015,4
"Neto,Raul",UTA,2016,2
"Nicholson,Andrew",ORL,2013,0
"Nicholson,Andrew",ORL,2014,2
"Noah,Joakim",CHI,2010,8
"Noah,Joakim",CHI,2012,8
"Noah,Joakim",CHI,2013,7
"Noah,Joakim",CHI,2014,7
"Noah,Joakim",CHI,2015,8
"Nocioni,Andres",SAC,2010,2
"Nocioni,Andres",PHI,2011,4
"Noel,Nerlens",PHI,2015,8
"Noel,Nerlens",PHI,2016,8
"Novak,Steve",NYK,2012,4
"Novak,Steve",NYK,2013,2
"Nowitzki,Dirk",DAL,2010,1
"Nowitzki,Dirk",DAL,2011,1
"Nowitzki,Dirk",DAL,2012,6
"Nowitzki,Dirk",DAL,2013,5
"Nowitzki,Dirk",DAL,2014,6
"Nowitzki,Dirk",DAL,2015,6
"Nowitzki,Dirk",DAL,2016,6
"Nurkic,Jusuf",DEN,2015,0
"O'Neal,Jermaine",MIA,2010,8
"O'Neal,Jermaine",PHO,2013,9
"O'Neal,Shaquille",CLE,2010,9
"O'Quinn,Kyle",ORL,2014,0
"O'Quinn,Kyle",ORL,2015,9
"Odom,Lamar",LAL,2010,8
"Odom,Lamar",LAL,2011,8
"Odom,Lamar",LAC,2013,0
"Okafor,Emeka",NOH,2010,8
"Okafor,Emeka",NOH,2011,8
"Okafor,Emeka",WAS,2013,8
"Okafor,Jahlil",PHI,2016,7
"Okur,Mehmet",UTA,2010,8
"Oladipo,Victor",ORL,2014,6
"Oladipo,Victor",ORL,2015,6
"Oladipo,Victor",ORL,2016,6
"Olynyk,Kelly",BOS,2014,0
"Olynyk,Kelly",BOS,2015,5
"Olynyk,Kelly",BOS,2016,2
"Outlaw,Travis",NJN,2011,2
"Outlaw,Travis",SAC,2014,2
"Pachulia,Zaza",ATL,2011,0
"Pachulia,Zaza",ATL,2012,9
"Pachulia,Zaza",ATL,2013,9
"Pachulia,Zaza",MIL,2014,0
"Pachulia,Zaza",MIL,2015,8
"Pachulia,Zaza",DAL,2016,8
"Parker,Anthony",CLE,2010,2
"Parker,Anthony",CLE,2011,2
"Parker,Anthony",CLE,2012,4
"Parker,Jabari",MIL,2016,8
"Parker,Tony",SAS,2010,5
"Parker,Tony",SAS,2011,6
"Parker,Tony",SAS,2012,6
"Parker,Tony",SAS,2013,6
"Parker,Tony",SAS,2014,6
"Parker,Tony",SAS,2015,5
"Parker,Tony",SAS,2016,3
"Parsons,Chandler",HOU,2012,5
"Parsons,Chandler",HOU,2013,3
"Parsons,Chandler",HOU,2014,6
"Parsons,Chandler",DAL,2015,5
"Parsons,Chandler",DAL,2016,5
"Patterson,Patrick",HOU,2011,9
"Patterson,Patrick",HOU,2012,0
"Patterson,Patrick",TOT,2013,0
"Patterson,Patrick",TOT,2014,0
"Patterson,Patrick",TOR,2015,2
"Patterson,Patrick",TOR,2016,2
"Paul,Chris",NOH,2011,6
"Paul,Chris",LAC,2012,6
"Paul,Chris",LAC,2013,6
"Paul,Chris",LAC,2014,6
"Paul,Chris",LAC,2015,6
"Paul,Chris",LAC,2016,6
"Payton,Elfrid",ORL,2015,3
"Payton,Elfrid",ORL,2016,3
"Pekovic,Nikola",MIN,2013,7
"Pekovic,Nikola",MIN,2014,7
"Perkins,Kendrick",BOS,2010,8
"Perkins,Kendrick",OKC,2012,0
"Perkins,Kendrick",OKC,2013,0
"Perkins,Kendrick",OKC,2014,0
"Perkins,Kendrick",TOT,2015,0
"Perkins,Kendrick",OKC,2015,9
"Petro,Johan",NJN,2012,4
"Pierce,Paul",BOS,2010,6
"Pierce,Paul",BOS,2011,6
"Pierce,Paul",BOS,2012,6
"Pierce,Paul",BOS,2013,6
"Pierce,Paul",BRK,2014,3
"Pierce,Paul",WAS,2015,3
"Pierce,Paul",LAC,2016,2
"Pietrus,Mickael",ORL,2010,2
"Pietrus,Mickael",TOT,2011,4
"Plumlee,Mason",BRK,2014,9
"Plumlee,Mason",BRK,2015,8
"Plumlee,Mason",POR,2016,8
"Plumlee,Miles",PHO,2014,8
"Plumlee,Miles",TOT,2015,0
"Plumlee,Miles",PHO,2015,9
"Pondexter,Quincy",MEM,2012,4
"Pondexter,Quincy",MEM,2013,4
"Pondexter,Quincy",TOT,2015,2
"Porter,Otto",WAS,2015,2
"Porter,Otto",WAS,2016,3
"Portis,Bobby",CHI,2016,0
"Porzingis,Kristaps",NYK,2016,8
"Posey,James",NOH,2010,2
"Pressey,Phil",BOS,2014,2
"Price,A.J.",IND,2010,4
"Price,A.J.",WAS,2013,4
"Price,Ronnie",PHO,2016,4
"Prigioni,Pablo",NYK,2013,2
"Prigioni,Pablo",NYK,2014,4
"Prigioni,Pablo",TOT,2015,4
"Prince,Tayshaun",DET,2011,3
"Prince,Tayshaun",DET,2012,3
"Prince,Tayshaun",TOT,2013,3
"Prince,Tayshaun",MEM,2014,2
"Prince,Tayshaun",TOT,2015,4
"Prince,Tayshaun",MIN,2016,2
"Radmanovic,Vladimir",GSW,2011,2
"Randle,Julius",LAL,2016,8
"Randolph,Zach",MEM,2010,7
"Randolph,Zach",MEM,2011,7
"Randolph,Zach",MEM,2013,7
"Randolph,Zach",MEM,2014,7
"Randolph,Zach",MEM,2015,7
"Randolph,Zach",MEM,2016,7
"Redd,Michael",PHO,2012,4
"Redick,J.J.",ORL,2010,2
"Redick,J.J.",ORL,2011,4
"Redick,J.J.",ORL,2012,2
"Redick,J.J.",TOT,2013,3
"Redick,J.J.",LAC,2015,3
"Redick,J.J.",LAC,2016,3
"Richardson,Jason",PHO,2010,3
"Richardson,Jason",TOT,2011,3
"Richardson,Jason",ORL,2011,5
"Richardson,Jason",ORL,2012,5
"Richardson,Josh",MIA,2016,4
"Richardson,Quentin",MIA,2010,2
"Richardson,Quentin",ORL,2011,2
"Ridnour,Luke",MIL,2010,2
"Ridnour,Luke",MIN,2011,3
"Ridnour,Luke",MIN,2012,5
"Ridnour,Luke",MIN,2013,3
"Ridnour,Luke",TOT,2014,2
"Rivers,Austin",NOH,2013,2
"Rivers,Austin",NOP,2014,2
"Rivers,Austin",TOT,2015,2
"Rivers,Austin",LAC,2016,4
"Roberson,Andre",OKC,2015,4
"Roberson,Andre",OKC,2016,4
"Roberts,Brian",NOH,2013,2
"Roberts,Brian",NOP,2014,2
"Roberts,Brian",CHO,2015,2
"Robinson,Nate",TOT,2010,4
"Robinson,Nate",TOT,2011,4
"Robinson,Nate",BOS,2011,4
"Robinson,Nate",GSW,2012,5
"Robinson,Nate",CHI,2013,3
"Robinson,Thomas",TOT,2013,0
"Robinson,Thomas",SAC,2013,9
"Rodriguez,Sergio",TOT,2010,4
"Rondo,Rajon",BOS,2010,6
"Rondo,Rajon",BOS,2011,6
"Rondo,Rajon",BOS,2012,5
"Rondo,Rajon",TOT,2015,3
"Rondo,Rajon",SAC,2016,6
"Rose,Derrick",CHI,2010,6
"Rose,Derrick",CHI,2011,1
"Rose,Derrick",CHI,2015,5
"Rose,Derrick",CHI,2016,6
"Ross,Terrence",TOR,2013,2
"Ross,Terrence",TOR,2014,2
"Ross,Terrence",TOR,2015,2
"Ross,Terrence",TOR,2016,2
"Roy,Brandon",POR,2010,6
"Rubio,Ricky",MIN,2013,3
"Rubio,Ricky",MIN,2014,3
"Rubio,Ricky",MIN,2016,3
"Rudez,Damjan",IND,2015,4
"Rush,Brandon",IND,2010,2
"Rush,Brandon",IND,2011,2
"Rush,Brandon",GSW,2012,4
"Russell,D'Angelo",LAL,2016,3
"Sacre,Robert",LAL,2014,0
"Sacre,Robert",LAL,2015,0
"Salmons,John",TOT,2010,3
"Salmons,John",CHI,2010,5
"Salmons,John",MIL,2011,3
"Salmons,John",SAC,2013,2
"Salmons,John",TOT,2014,2
"Salmons,John",TOR,2014,2
"Sampson,JaKarr",PHI,2015,2
"Sampson,JaKarr",TOT,2016,2
"Samuels,Samardo",CLE,2012,9
"Sanders,Larry",MIL,2013,8
"Schroder,Dennis",ATL,2015,3
"Schroder,Dennis",ATL,2016,3
"Scola,Luis",HOU,2010,7
"Scola,Luis",HOU,2011,7
"Scola,Luis",HOU,2012,7
"Scola,Luis",PHO,2013,8
"Scola,Luis",IND,2014,0
"Scola,Luis",IND,2015,8
"Scola,Luis",TOR,2016,2
"Scott,Mike",ATL,2014,2
"Scott,Mike",ATL,2015,4
"Scott,Mike",ATL,2016,2
"Sefolosha,Thabo",OKC,2010,2
"Sefolosha,Thabo",OKC,2011,2
"Sefolosha,Thabo",OKC,2013,2
"Sefolosha,Thabo",OKC,2014,4
"Sefolosha,Thabo",ATL,2015,4
"Sefolosha,Thabo",ATL,2016,4
"Seraphin,Kevin",WAS,2012,9
"Seraphin,Kevin",WAS,2013,0
"Seraphin,Kevin",WAS,2015,0
"Sessions,Ramon",MIN,2010,2
"Sessions,Ramon",CLE,2011,3
"Sessions,Ramon",TOT,2012,3
"Sessions,Ramon",CHA,2013,3
"Sessions,Ramon",TOT,2014,3
"Sessions,Ramon",CHA,2014,5
"Sessions,Ramon",TOT,2015,2
"Sessions,Ramon",WAS,2016,2
"Shumpert,Iman",NYK,2012,3
"Shumpert,Iman",NYK,2014,2
"Shumpert,Iman",TOT,2015,4
"Shumpert,Iman",CLE,2016,4
"Shved,Alexey",MIN,2013,2
"Sims,Henry",PHI,2015,0
"Singler,Kyle",DET,2013,2
"Singler,Kyle",DET,2014,2
"Singler,Kyle",TOT,2015,2
"Singler,Kyle",DET,2015,4
"Singleton,Chris",WAS,2012,2
"Singleton,Chris",WAS,2013,0
"Singleton,James",TOT,2010,0
"Sloan,Donald",IND,2015,4
"Sloan,Donald",BRK,2016,4
"Smart,Marcus",BOS,2015,2
"Smart,Marcus",BOS,2016,3
"Smith,Craig",LAC,2010,0
"Smith,Greg",HOU,2013,9
"Smith,Ish",TOT,2015,4
"Smith,Ish",TOT,2016,3
"Smith,J.R.",DEN,2010,3
"Smith,J.R.",DEN,2011,3
"Smith,J.R.",NYK,2013,6
"Smith,J.R.",NYK,2014,3
"Smith,J.R.",TOT,2015,3
"Smith,J.R.",CLE,2016,3
"Smith,Jason",NOH,2013,9
"Smith,Jason",NYK,2015,0
"Smith,Jason",ORL,2016,0
"Smith,Josh",ATL,2010,7
"Smith,Josh",ATL,2011,7
"Smith,Josh",ATL,2012,7
"Smith,Josh",ATL,2013,7
"Smith,Josh",DET,2014,6
"Smith,Josh",TOT,2015,3
"Smith,Josh",HOU,2015,5
"Smith,Josh",TOT,2016,4
"Snell,Tony",CHI,2014,2
"Snell,Tony",CHI,2015,2
"Snell,Tony",CHI,2016,2
"Songaila,Darius",NOH,2010,0
"Speights,Marreese",PHI,2010,0
"Speights,Marreese",MEM,2012,8
"Speights,Marreese",TOT,2013,0
"Speights,Marreese",GSW,2015,0
"Splitter,Tiago",SAS,2012,9
"Splitter,Tiago",SAS,2013,8
"Splitter,Tiago",SAS,2014,9
"Splitter,Tiago",SAS,2015,9
"Stauskas,Nik",SAC,2015,2
"Stauskas,Nik",PHI,2016,2
"Stephenson,Lance",IND,2013,2
"Stephenson,Lance",IND,2014,3
"Stephenson,Lance",CHO,2015,3
"Stephenson,Lance",TOT,2016,4
"Stevenson,DeShawn",DAL,2011,2
"Stevenson,DeShawn",NJN,2012,2
"Stevenson,DeShawn",ATL,2013,4
"Stiemsma,Greg",MIN,2013,0
"Stiemsma,Greg",NOP,2014,9
"Stojakovic,Peja",NOH,2010,3
"Stoudemire,Amar'e",PHO,2010,7
"Stoudemire,Amar'e",NYK,2011,1
"Stoudemire,Amar'e",NYK,2014,8
"Stoudemire,Amar'e",TOT,2015,9
"Stuckey,Rodney",DET,2010,6
"Stuckey,Rodney",DET,2011,6
"Stuckey,Rodney",DET,2012,5
"Stuckey,Rodney",DET,2013,3
"Stuckey,Rodney",DET,2014,3
"Stuckey,Rodney",IND,2015,3
"Stuckey,Rodney",IND,2016,4
"Sullinger,Jared",BOS,2014,8
"Sullinger,Jared",BOS,2015,8
"Sullinger,Jared",BOS,2016,8
"Taylor,Jeffery",CHA,2013,2
"Teague,Jeff",ATL,2012,5
"Teague,Jeff",ATL,2013,6
"Teague,Jeff",ATL,2014,6
"Teague,Jeff",ATL,2015,6
"Teague,Jeff",ATL,2016,6
"Teletovic,Mirza",BRK,2014,2
"Teletovic,Mirza",PHO,2016,3
"Telfair,Sebastian",TOT,2013,2
"Temple,Garrett",WAS,2013,4
"Temple,Garrett",WAS,2016,2
"Terry,Jason",DAL,2010,3
"Terry,Jason",DAL,2011,3
"Terry,Jason",DAL,2012,5
"Terry,Jason",BOS,2013,2
"Terry,Jason",HOU,2015,2
"Terry,Jason",HOU,2016,2
"Thomas,Isaiah",SAC,2012,5
"Thomas,Isaiah",SAC,2013,3
"Thomas,Isaiah",SAC,2014,6
"Thomas,Isaiah",TOT,2015,3
"Thomas,Isaiah",BOS,2016,6
"Thomas,Kurt",CHI,2011,9
"Thomas,Kurt",POR,2012,9
"Thomas,Lance",TOT,2015,0
"Thomas,Lance",NYK,2016,4
"Thomas,Tyrus",TOT,2010,8
"Thomas,Tyrus",CHA,2012,0
"Thompson,Hollis",PHI,2014,2
"Thompson,Hollis",PHI,2015,2
"Thompson,Hollis",PHI,2016,2
"Thompson,Jason",SAC,2010,8
"Thompson,Jason",SAC,2011,0
"Thompson,Jason",SAC,2012,9
"Thompson,Jason",SAC,2013,8
"Thompson,Jason",SAC,2014,0
"Thompson,Jason",SAC,2015,0
"Thompson,Klay",GSW,2012,3
"Thompson,Klay",GSW,2013,3
"Thompson,Klay",GSW,2014,6
"Thompson,Klay",GSW,2015,6
"Thompson,Klay",GSW,2016,6
"Thompson,Tristan",CLE,2012,8
"Thompson,Tristan",CLE,2013,8
"Thompson,Tristan",CLE,2014,8
"Thompson,Tristan",CLE,2015,8
"Thompson,Tristan",CLE,2016,8
"Thornton,Al",TOT,2010,0
"Thornton,Al",LAC,2010,9
"Thornton,Al",TOT,2011,0
"Thornton,Marcus",NOH,2010,3
"Thornton,Marcus",TOT,2011,3
"Thornton,Marcus",SAC,2012,5
"Thornton,Marcus",SAC,2013,3
"Thornton,Marcus",TOT,2014,2
"Thornton,Marcus",TOT,2016,4
"Tinsley,Jamaal",UTA,2013,2
"Tolliver,Anthony",MIN,2011,4
"Tolliver,Anthony",MIN,2012,4
"Tolliver,Anthony",ATL,2013,4
"Tolliver,Anthony",CHA,2014,4
"Tolliver,Anthony",TOT,2015,2
"Tolliver,Anthony",DET,2015,4
"Tolliver,Anthony",DET,2016,2
"Towns,Karl-Anthony",MIN,2016,7
"Tucker,P.J.",PHO,2013,0
"Tucker,P.J.",PHO,2014,3
"Tucker,P.J.",PHO,2015,3
"Tucker,P.J.",PHO,2016,2
"Turiaf,Ronny",NYK,2011,9
"Turkoglu,Hedo",TOR,2010,3
"Turkoglu,Hedo",TOT,2011,3
"Turkoglu,Hedo",ORL,2011,5
"Turkoglu,Hedo",ORL,2012,5
"Turner,Evan",PHI,2011,2
"Turner,Evan",PHI,2012,8
"Turner,Evan",PHI,2013,3
"Turner,Evan",TOT,2014,3
"Turner,Evan",PHI,2014,6
"Turner,Evan",BOS,2015,3
"Turner,Evan",BOS,2016,3
"Turner,Myles",IND,2016,9
"Udoh,Ekpe",GSW,2011,0
"Udoh,Ekpe",TOT,2012,0
"Udoh,Ekpe",MIL,2013,0
"Udrih,Beno",SAC,2010,3
"Udrih,Beno",SAC,2011,3
"Udrih,Beno",MIL,2012,4
"Udrih,Beno",TOT,2013,2
"Udrih,Beno",MEM,2015,2
"Valanciunas,Jonas",TOR,2013,9
"Valanciunas,Jonas",TOR,2014,8
"Valanciunas,Jonas",TOR,2015,8
"Valanciunas,Jonas",TOR,2016,8
"Varejao,Anderson",CLE,2010,8
"Varejao,Anderson",CLE,2014,8
"Vasquez,Greivis",NOH,2012,3
"Vasquez,Greivis",NOH,2013,6
"Vasquez,Greivis",TOT,2014,2
"Vasquez,Greivis",TOR,2014,4
"Vasquez,Greivis",TOR,2015,2
"Vesely,Jan",WAS,2012,9
"Villanueva,Charlie",DET,2010,3
"Villanueva,Charlie",DET,2011,2
"Villanueva,Charlie",DET,2013,2
"Vonleh,Noah",POR,2016,0
"Vucevic,Nikola",PHI,2012,9
"Vucevic,Nikola",ORL,2013,7
"Vucevic,Nikola",ORL,2014,7
"Vucevic,Nikola",ORL,2015,7
"Vucevic,Nikola",ORL,2016,7
"Vujacic,Sasha",TOT,2011,2
"Vujacic,Sasha",NJN,2011,5
"Wade,Dwyane",MIA,2010,1
"Wade,Dwyane",MIA,2011,1
"Wade,Dwyane",MIA,2013,1
"Wade,Dwyane",MIA,2014,5
"Wade,Dwyane",MIA,2015,1
"Wade,Dwyane",MIA,2016,6
"Waiters,Dion",CLE,2013,5
"Waiters,Dion",CLE,2014,6
"Waiters,Dion",TOT,2015,3
"Waiters,Dion",OKC,2016,3
"Walker,Kemba",CHA,2012,3
"Walker,Kemba",CHA,2013,6
"Walker,Kemba",CHA,2014,6
"Walker,Kemba",CHO,2015,6
"Walker,Kemba",CHO,2016,6
"Wall,John",WAS,2011,6
"Wall,John",WAS,2012,6
"Wall,John",WAS,2014,6
"Wall,John",WAS,2015,6
"Wall,John",WAS,2016,1
"Wallace,Ben",DET,2010,0
"Wallace,Ben",DET,2011,9
"Wallace,Ben",DET,2012,0
"Wallace,Gerald",CHA,2010,7
"Wallace,Gerald",TOT,2011,6
"Wallace,Gerald",TOT,2012,5
"Wallace,Gerald",BRK,2013,2
"Wallace,Gerald",BOS,2014,4
"Wallace,Rasheed",BOS,2010,2
"Warrick,Hakim",TOT,2010,0
"Warrick,Hakim",PHO,2011,0
"Watson,C.J.",GSW,2010,5
"Watson,C.J.",BRK,2013,2
"Watson,C.J.",IND,2014,4
"Watson,C.J.",IND,2015,5
"Watson,Earl",IND,2010,3
"Watson,Earl",UTA,2011,2
"Webster,Martell",POR,2010,2
"Webster,Martell",WAS,2013,3
"Webster,Martell",WAS,2014,2
"Weems,Sonny",TOR,2010,0
"Weems,Sonny",TOR,2011,4
"West,David",NOH,2010,7
"West,David",NOH,2011,7
"West,David",IND,2012,8
"West,David",IND,2013,7
"West,David",IND,2014,8
"West,David",IND,2015,8
"West,David",SAS,2016,0
"West,Delonte",CLE,2010,4
"Westbrook,Russell",OKC,2010,6
"Westbrook,Russell",OKC,2011,1
"Westbrook,Russell",OKC,2012,1
"Westbrook,Russell",OKC,2013,1
"Westbrook,Russell",OKC,2015,1
"Westbrook,Russell",OKC,2016,1
"White,D.J.",CHA,2012,4
"Whiteside,Hassan",MIA,2016,7
"Wiggins,Andrew",MIN,2015,6
"Wiggins,Andrew",MIN,2016,6
"Wilcox,Chris",DET,2011,9
"Wilkins,Damien",MIN,2010,2
"Wilkins,Damien",DET,2012,2
"Wilkins,Damien",PHI,2013,4
"Williams,Deron",UTA,2010,6
"Williams,Deron",TOT,2011,6
"Williams,Deron",UTA,2011,1
"Williams,Deron",NJN,2012,6
"Williams,Deron",BRK,2013,6
"Williams,Deron",BRK,2014,5
"Williams,Deron",BRK,2015,3
"Williams,Deron",DAL,2016,3
"Williams,Derrick",MIN,2012,0
"Williams,Derrick",MIN,2013,3
"Williams,Derrick",TOT,2014,2
"Williams,Derrick",SAC,2014,0
"Williams,Derrick",SAC,2015,2
"Williams,Derrick",NYK,2016,2
"Williams,Elliot",PHI,2014,2
"Williams,Jason",ORL,2010,2
"Williams,Lou",PHI,2010,5
"Williams,Lou",PHI,2011,3
"Williams,Lou",PHI,2012,3
"Williams,Lou",ATL,2014,4
"Williams,Lou",TOR,2015,3
"Williams,Lou",LAL,2016,3
"Williams,Marvin",ATL,2010,0
"Williams,Marvin",ATL,2011,0
"Williams,Marvin",ATL,2012,4
"Williams,Marvin",UTA,2013,2
"Williams,Marvin",UTA,2014,4
"Williams,Marvin",CHO,2015,2
"Williams,Marvin",CHO,2016,3
"Williams,Mo",CLE,2010,3
"Williams,Mo",TOT,2011,5
"Williams,Mo",LAC,2012,5
"Williams,Mo",POR,2014,3
"Williams,Mo",TOT,2015,3
"Williams,Reggie",GSW,2011,2
"Williams,Shawne",NYK,2011,4
"Williams,Shawne",TOT,2015,4
"Williams,Shelden",TOT,2011,0
"Williams,Shelden",NJN,2012,9
"Williams,Terrence",NJN,2010,2
"Winslow,Justise",MIA,2016,2
"Wolters,Nate",MIL,2014,4
"World Peace,Metta",LAL,2010,3
"World Peace,Metta",LAL,2011,2
"World Peace,Metta",LAL,2012,2
"World Peace,Metta",LAL,2013,3
"Wright,Antoine",TOR,2010,2
"Wright,Brandan",DAL,2013,9
"Wright,Brandan",DAL,2014,9
"Wright,Brandan",TOT,2015,9
"Wright,Dorell",MIA,2010,2
"Wright,Dorell",GSW,2011,6
"Wright,Dorell",GSW,2012,4
"Wright,Dorell",PHI,2013,2
"Wroten,Tony",PHI,2014,3
"Young,Nick",WAS,2010,2
"Young,Nick",WAS,2011,5
"Young,Nick",TOT,2012,3
"Young,Nick",PHI,2013,4
"Young,Nick",LAL,2014,5
"Young,Nick",LAL,2016,4
"Young,Sam",MEM,2010,2
"Young,Sam",MEM,2011,2
"Young,Thaddeus",PHI,2013,7
"Young,Thaddeus",PHI,2014,6
"Young,Thaddeus",TOT,2015,3
"Young,Thaddeus",BRK,2016,7
"Zeller,Cody",CHA,2014,0
"Zeller,Cody",CHO,2015,0
"Zeller,Cody",CHO,2016,0
